dataset_key,model,horizon_type,experiment_type,status,count
bitcoin,arima,long,baseline,success,18
bitcoin,arima,long,tuned,success,18
bitcoin,arima,short,baseline,success,18
bitcoin,arima,short,tuned,success,18
bitcoin,lstm,long,baseline,success,18
bitcoin,lstm,long,tuned,success,18
bitcoin,lstm,short,baseline,success,18
bitcoin,lstm,short,tuned,success,18
bitcoin,naive,long,baseline,success,18
bitcoin,naive,long,tuned,success,18
bitcoin,naive,short,baseline,success,18
bitcoin,naive,short,tuned,success,18
bitcoin,prophet,long,baseline,success,18
bitcoin,prophet,long,tuned,success,18
bitcoin,prophet,short,baseline,success,18
bitcoin,prophet,short,tuned,success,18
bitcoin,seasonal_naive,long,baseline,success,18
bitcoin,seasonal_naive,long,tuned,success,18
bitcoin,seasonal_naive,short,baseline,success,18
bitcoin,seasonal_naive,short,tuned,success,18
bitcoin,timesfm,long,baseline,success,18
bitcoin,timesfm,long,tuned,success,18
bitcoin,timesfm,short,baseline,success,18
bitcoin,timesfm,short,tuned,success,18
bitcoin,ttm,long,baseline,success,18
bitcoin,ttm,long,tuned,success,18
bitcoin,ttm,short,baseline,success,18
bitcoin,ttm,short,tuned,success,18
bitcoin,uni2ts,long,baseline,success,18
bitcoin,uni2ts,long,tuned,success,18
bitcoin,uni2ts,short,baseline,success,18
bitcoin,uni2ts,short,tuned,success,18
car_parts,arima,long,baseline,success,2674
car_parts,arima,long,tuned,success,2674
car_parts,arima,short,baseline,success,2674
car_parts,arima,short,tuned,success,2674
car_parts,lstm,long,baseline,success,2674
car_parts,lstm,long,tuned,success,2674
car_parts,lstm,short,baseline,success,2674
car_parts,lstm,short,tuned,success,2674
car_parts,naive,long,baseline,success,2674
car_parts,naive,long,tuned,success,2674
car_parts,naive,short,baseline,success,2674
car_parts,naive,short,tuned,success,2674
car_parts,prophet,long,baseline,success,2674
car_parts,prophet,long,tuned,success,2674
car_parts,prophet,short,baseline,success,2674
car_parts,prophet,short,tuned,success,2674
car_parts,seasonal_naive,long,baseline,success,2674
car_parts,seasonal_naive,long,tuned,success,2674
car_parts,seasonal_naive,short,baseline,success,2674
car_parts,seasonal_naive,short,tuned,success,2674
car_parts,timesfm,long,baseline,failed,3
car_parts,timesfm,long,baseline,success,2671
car_parts,timesfm,long,tuned,failed,3
car_parts,timesfm,long,tuned,success,2671
car_parts,timesfm,short,baseline,failed,2
car_parts,timesfm,short,baseline,success,2672
car_parts,timesfm,short,tuned,failed,2
car_parts,timesfm,short,tuned,success,2672
car_parts,ttm,long,baseline,failed,2674
car_parts,ttm,long,tuned,failed,2674
car_parts,ttm,short,baseline,failed,2674
car_parts,ttm,short,tuned,failed,2674
car_parts,uni2ts,long,baseline,success,2674
car_parts,uni2ts,long,tuned,success,2674
car_parts,uni2ts,short,baseline,success,2674
car_parts,uni2ts,short,tuned,success,2674
electricity_weekly,arima,long,baseline,success,321
electricity_weekly,arima,long,tuned,success,321
electricity_weekly,arima,short,baseline,success,321
electricity_weekly,arima,short,tuned,success,321
electricity_weekly,lstm,long,baseline,success,321
electricity_weekly,lstm,long,tuned,success,321
electricity_weekly,lstm,short,baseline,success,321
electricity_weekly,lstm,short,tuned,success,321
electricity_weekly,naive,long,baseline,success,321
electricity_weekly,naive,long,tuned,success,321
electricity_weekly,naive,short,baseline,success,321
electricity_weekly,naive,short,tuned,success,321
electricity_weekly,prophet,long,baseline,success,321
electricity_weekly,prophet,long,tuned,success,321
electricity_weekly,prophet,short,baseline,success,321
electricity_weekly,prophet,short,tuned,success,321
electricity_weekly,seasonal_naive,long,baseline,success,321
electricity_weekly,seasonal_naive,long,tuned,success,321
electricity_weekly,seasonal_naive,short,baseline,success,321
electricity_weekly,seasonal_naive,short,tuned,success,321
electricity_weekly,timesfm,long,baseline,success,321
electricity_weekly,timesfm,long,tuned,success,321
electricity_weekly,timesfm,short,baseline,success,321
electricity_weekly,timesfm,short,tuned,success,321
electricity_weekly,ttm,long,baseline,success,321
electricity_weekly,ttm,long,tuned,success,321
electricity_weekly,ttm,short,baseline,success,321
electricity_weekly,ttm,short,tuned,success,321
electricity_weekly,uni2ts,long,baseline,success,321
electricity_weekly,uni2ts,long,tuned,success,321
electricity_weekly,uni2ts,short,baseline,success,321
electricity_weekly,uni2ts,short,tuned,success,321
fred_md,arima,long,baseline,success,107
fred_md,arima,long,tuned,success,107
fred_md,arima,short,baseline,success,107
fred_md,arima,short,tuned,success,107
fred_md,lstm,long,baseline,success,107
fred_md,lstm,long,tuned,success,107
fred_md,lstm,short,baseline,success,107
fred_md,lstm,short,tuned,success,107
fred_md,naive,long,baseline,success,107
fred_md,naive,long,tuned,success,107
fred_md,naive,short,baseline,success,107
fred_md,naive,short,tuned,success,107
fred_md,prophet,long,baseline,success,107
fred_md,prophet,long,tuned,success,107
fred_md,prophet,short,baseline,success,107
fred_md,prophet,short,tuned,success,107
fred_md,seasonal_naive,long,baseline,success,107
fred_md,seasonal_naive,long,tuned,success,107
fred_md,seasonal_naive,short,baseline,success,107
fred_md,seasonal_naive,short,tuned,success,107
fred_md,timesfm,long,baseline,success,107
fred_md,timesfm,long,tuned,success,107
fred_md,timesfm,short,baseline,success,107
fred_md,timesfm,short,tuned,success,107
fred_md,ttm,long,baseline,success,107
fred_md,ttm,long,tuned,success,107
fred_md,ttm,short,baseline,success,107
fred_md,ttm,short,tuned,success,107
fred_md,uni2ts,long,baseline,success,107
fred_md,uni2ts,long,tuned,success,107
fred_md,uni2ts,short,baseline,success,107
fred_md,uni2ts,short,tuned,success,107
m1_monthly,arima,long,baseline,success,617
m1_monthly,arima,long,tuned,success,617
m1_monthly,arima,short,baseline,success,617
m1_monthly,arima,short,tuned,success,617
m1_monthly,lstm,long,baseline,success,617
m1_monthly,lstm,long,tuned,success,617
m1_monthly,lstm,short,baseline,success,617
m1_monthly,lstm,short,tuned,success,617
m1_monthly,naive,long,baseline,success,617
m1_monthly,naive,long,tuned,success,617
m1_monthly,naive,short,baseline,success,617
m1_monthly,naive,short,tuned,success,617
m1_monthly,prophet,long,baseline,success,617
m1_monthly,prophet,long,tuned,success,617
m1_monthly,prophet,short,baseline,success,617
m1_monthly,prophet,short,tuned,success,617
m1_monthly,seasonal_naive,long,baseline,success,617
m1_monthly,seasonal_naive,long,tuned,success,617
m1_monthly,seasonal_naive,short,baseline,success,617
m1_monthly,seasonal_naive,short,tuned,success,617
m1_monthly,timesfm,long,baseline,failed,28
m1_monthly,timesfm,long,baseline,success,589
m1_monthly,timesfm,long,tuned,failed,28
m1_monthly,timesfm,long,tuned,success,589
m1_monthly,timesfm,short,baseline,success,617
m1_monthly,timesfm,short,tuned,success,617
m1_monthly,ttm,long,baseline,failed,446
m1_monthly,ttm,long,baseline,success,171
m1_monthly,ttm,long,tuned,failed,446
m1_monthly,ttm,long,tuned,success,171
m1_monthly,ttm,short,baseline,failed,122
m1_monthly,ttm,short,baseline,success,495
m1_monthly,ttm,short,tuned,failed,122
m1_monthly,ttm,short,tuned,success,495
m1_monthly,uni2ts,long,baseline,success,617
m1_monthly,uni2ts,long,tuned,success,617
m1_monthly,uni2ts,short,baseline,success,617
m1_monthly,uni2ts,short,tuned,success,617
nn5_daily,arima,long,baseline,success,111
nn5_daily,arima,long,tuned,success,111
nn5_daily,arima,short,baseline,success,111
nn5_daily,arima,short,tuned,success,111
nn5_daily,lstm,long,baseline,success,111
nn5_daily,lstm,long,tuned,success,111
nn5_daily,lstm,short,baseline,success,111
nn5_daily,lstm,short,tuned,success,111
nn5_daily,naive,long,baseline,success,111
nn5_daily,naive,long,tuned,success,111
nn5_daily,naive,short,baseline,success,111
nn5_daily,naive,short,tuned,success,111
nn5_daily,prophet,long,baseline,success,111
nn5_daily,prophet,long,tuned,success,111
nn5_daily,prophet,short,baseline,success,111
nn5_daily,prophet,short,tuned,success,111
nn5_daily,seasonal_naive,long,baseline,success,111
nn5_daily,seasonal_naive,long,tuned,success,111
nn5_daily,seasonal_naive,short,baseline,success,111
nn5_daily,seasonal_naive,short,tuned,success,111
nn5_daily,timesfm,long,baseline,success,111
nn5_daily,timesfm,long,tuned,success,111
nn5_daily,timesfm,short,baseline,success,111
nn5_daily,timesfm,short,tuned,success,111
nn5_daily,ttm,long,baseline,success,111
nn5_daily,ttm,long,tuned,success,111
nn5_daily,ttm,short,baseline,success,111
nn5_daily,ttm,short,tuned,success,111
nn5_daily,uni2ts,long,baseline,success,111
nn5_daily,uni2ts,long,tuned,success,111
nn5_daily,uni2ts,short,baseline,success,111
nn5_daily,uni2ts,short,tuned,success,111
nn5_weekly,arima,long,baseline,success,111
nn5_weekly,arima,long,tuned,success,111
nn5_weekly,arima,short,baseline,success,111
nn5_weekly,arima,short,tuned,success,111
nn5_weekly,lstm,long,baseline,success,111
nn5_weekly,lstm,long,tuned,success,111
nn5_weekly,lstm,short,baseline,success,111
nn5_weekly,lstm,short,tuned,success,111
nn5_weekly,naive,long,baseline,success,111
nn5_weekly,naive,long,tuned,success,111
nn5_weekly,naive,short,baseline,success,111
nn5_weekly,naive,short,tuned,success,111
nn5_weekly,prophet,long,baseline,success,111
nn5_weekly,prophet,long,tuned,success,111
nn5_weekly,prophet,short,baseline,success,111
nn5_weekly,prophet,short,tuned,success,111
nn5_weekly,seasonal_naive,long,baseline,success,111
nn5_weekly,seasonal_naive,long,tuned,success,111
nn5_weekly,seasonal_naive,short,baseline,success,111
nn5_weekly,seasonal_naive,short,tuned,success,111
nn5_weekly,timesfm,long,baseline,success,111
nn5_weekly,timesfm,long,tuned,success,111
nn5_weekly,timesfm,short,baseline,success,111
nn5_weekly,timesfm,short,tuned,success,111
nn5_weekly,ttm,long,baseline,success,111
nn5_weekly,ttm,long,tuned,success,111
nn5_weekly,ttm,short,baseline,success,111
nn5_weekly,ttm,short,tuned,success,111
nn5_weekly,uni2ts,long,baseline,success,111
nn5_weekly,uni2ts,long,tuned,success,111
nn5_weekly,uni2ts,short,baseline,success,111
nn5_weekly,uni2ts,short,tuned,success,111
saugeenday,arima,long,baseline,success,1
saugeenday,arima,long,tuned,success,1
saugeenday,arima,short,baseline,success,1
saugeenday,arima,short,tuned,success,1
saugeenday,lstm,long,baseline,success,1
saugeenday,lstm,long,tuned,success,1
saugeenday,lstm,short,baseline,success,1
saugeenday,lstm,short,tuned,success,1
saugeenday,naive,long,baseline,success,1
saugeenday,naive,long,tuned,success,1
saugeenday,naive,short,baseline,success,1
saugeenday,naive,short,tuned,success,1
saugeenday,prophet,long,baseline,success,1
saugeenday,prophet,long,tuned,success,1
saugeenday,prophet,short,baseline,success,1
saugeenday,prophet,short,tuned,success,1
saugeenday,seasonal_naive,long,baseline,success,1
saugeenday,seasonal_naive,long,tuned,success,1
saugeenday,seasonal_naive,short,baseline,success,1
saugeenday,seasonal_naive,short,tuned,success,1
saugeenday,timesfm,long,baseline,success,1
saugeenday,timesfm,long,tuned,success,1
saugeenday,timesfm,short,baseline,success,1
saugeenday,timesfm,short,tuned,success,1
saugeenday,ttm,long,baseline,success,1
saugeenday,ttm,long,tuned,success,1
saugeenday,ttm,short,baseline,success,1
saugeenday,ttm,short,tuned,success,1
saugeenday,uni2ts,long,baseline,success,1
saugeenday,uni2ts,long,tuned,success,1
saugeenday,uni2ts,short,baseline,success,1
saugeenday,uni2ts,short,tuned,success,1
solar_weekly,arima,long,baseline,success,137
solar_weekly,arima,long,tuned,success,137
solar_weekly,arima,short,baseline,success,137
solar_weekly,arima,short,tuned,success,137
solar_weekly,lstm,long,baseline,success,137
solar_weekly,lstm,long,tuned,success,137
solar_weekly,lstm,short,baseline,success,137
solar_weekly,lstm,short,tuned,success,137
solar_weekly,naive,long,baseline,success,137
solar_weekly,naive,long,tuned,success,137
solar_weekly,naive,short,baseline,success,137
solar_weekly,naive,short,tuned,success,137
solar_weekly,prophet,long,baseline,success,137
solar_weekly,prophet,long,tuned,success,137
solar_weekly,prophet,short,baseline,success,137
solar_weekly,prophet,short,tuned,success,137
solar_weekly,seasonal_naive,long,baseline,success,137
solar_weekly,seasonal_naive,long,tuned,success,137
solar_weekly,seasonal_naive,short,baseline,success,137
solar_weekly,seasonal_naive,short,tuned,success,137
solar_weekly,timesfm,long,baseline,success,137
solar_weekly,timesfm,long,tuned,success,137
solar_weekly,timesfm,short,baseline,success,137
solar_weekly,timesfm,short,tuned,success,137
solar_weekly,ttm,long,baseline,failed,137
solar_weekly,ttm,long,tuned,failed,137
solar_weekly,ttm,short,baseline,failed,137
solar_weekly,ttm,short,tuned,failed,137
solar_weekly,uni2ts,long,baseline,success,137
solar_weekly,uni2ts,long,tuned,success,137
solar_weekly,uni2ts,short,baseline,success,137
solar_weekly,uni2ts,short,tuned,success,137
