dataset_key,domain,frequency,model,model_family,horizon_type,horizon,experiment_type,n_series,mae,rmse,smape,avg_fit_time_seconds,avg_inference_time_seconds,avg_series_total_time_seconds,avg_peak_memory_mb
bitcoin,finance,daily,timesfm,foundation,long,30,tuned,18,2.3247393772647567e+18,2.4115585734198113e+18,20.583393230078233,0.00021978219350174443,0.7312835057576498,0.731510255071852,0.1091804504394531
bitcoin,finance,daily,ttm,foundation,long,30,tuned,18,1.878327498188057e+18,1.958246009888644e+18,20.794300528737583,3.2981236775716147e-06,0.14112481806013313,0.14113406340281165,0.9912710189819336
bitcoin,finance,daily,naive,traditional,long,30,tuned,18,7.777282812040321e+17,9.419842018982259e+17,21.785472117044833,1.0596381293402778e-06,1.1894438001844617e-05,1.5179316202799479e-05,0.0418739318847656
bitcoin,finance,daily,seasonal_naive,traditional,long,30,tuned,18,1.7733886764114263e+18,1.9637372769144968e+18,22.063131811109834,9.139378865559896e-07,0.00011740790473083534,0.0001200040181477473,0.0493736267089843
bitcoin,finance,daily,arima,traditional,long,30,tuned,18,1.5489427071873134e+18,1.6403585099871409e+18,29.214566864735882,1.708666483561198e-06,1.0460565090179443,1.046062217818366,37.66766166687012
bitcoin,finance,daily,prophet,traditional,long,30,tuned,18,4.030449631407016e+18,4.065416771583982e+18,43.77135096330955,0.00010336769951711197,1.6469187206692166,1.6470269627041287,143.38465690612793
bitcoin,finance,daily,uni2ts,foundation,long,30,tuned,18,3.460296083336346e+18,3.5100287311521024e+18,48.08200770951543,6.940629747178819e-06,1.9789360761642456,1.978950752152337,0.9430780410766602
bitcoin,finance,daily,lstm,traditional,long,30,tuned,18,5.326948859812022e+18,5.35339678440449e+18,139.39971763581605,1.6768773396809895e-05,154.57085319360098,154.57088498274484,2.3090648651123047
bitcoin,finance,daily,naive,traditional,short,15,tuned,18,4.2944067236481254e+17,5.332994038942606e+17,22.977770276657182,1.0861290825737847e-06,9.5367431640625e-06,1.2636184692382812e-05,0.0412139892578125
bitcoin,finance,daily,ttm,foundation,short,15,tuned,18,3.36151810411568e+17,4.291514653366801e+17,24.19771332861195,1.655684577094184e-06,0.11282980442047114,0.11283406946394174,0.9845399856567385
bitcoin,finance,daily,timesfm,foundation,short,15,tuned,18,2.6590372667898253e+17,3.1432863988261376e+17,24.543080625331324,0.00010482470194494722,0.46906786494784874,0.46917714012993705,0.0979938507080078
bitcoin,finance,daily,arima,traditional,short,15,tuned,18,5.4967806682048e+17,6.522394239212553e+17,25.199612960001147,2.3444493611653647e-06,1.2031606568230524,1.20316747824351,30.396971702575684
bitcoin,finance,daily,uni2ts,foundation,short,15,tuned,18,6.006868474086354e+17,6.957163122534669e+17,26.936123977521362,3.629260592990451e-06,1.0631503131654527,1.0631596909628973,0.9422101974487302
bitcoin,finance,daily,seasonal_naive,traditional,short,15,tuned,18,7.655635749782972e+17,9.761890147985352e+17,29.094887283369896,1.655684577094184e-06,0.0001748138003878611,0.00017980734507236113,0.0487136840820312
bitcoin,finance,daily,prophet,traditional,short,15,tuned,18,3.637077659125003e+18,3.651928003281014e+18,50.99227585930112,0.00010601679484045616,1.9041728840933905,1.904284291797214,142.92027473449707
bitcoin,finance,daily,lstm,traditional,short,15,tuned,18,5.486436368257308e+18,5.49837757157712e+18,148.12829461677234,1.5576680501302082e-05,120.27049177222781,120.27052183945973,2.0643606185913086
car_parts,retail,monthly,naive,traditional,long,5,tuned,2674,0.5727000747943156,0.7505348337149196,53.13108091443395,3.080539232594983e-07,6.60002187017011e-06,9.172339000716106e-06,3.2200241088867188
car_parts,retail,monthly,seasonal_naive,traditional,long,5,tuned,2674,0.5638743455497383,0.8651304586989211,57.76588267102265,3.8027495881382353e-07,3.530092888477566e-05,3.799816165829889e-05,3.3022918701171875
car_parts,retail,monthly,timesfm,foundation,long,5,tuned,2671,0.3790915630261289,0.5431093974354884,122.18134949525468,1.2726249966180445e-05,0.4556340679431488,0.4556546650411305,4.656291961669922
car_parts,retail,monthly,arima,traditional,long,5,tuned,2674,0.5527729242500277,0.6644316858846833,176.2576147718596,8.929551494772432e-07,0.14710770602001566,0.14711342378614903,6.217399597167969
car_parts,retail,monthly,lstm,traditional,long,5,tuned,2674,0.527254498529758,0.6273511509068286,178.58558062625772,1.5548921469529352e-06,0.20141373620429137,0.20142125316582776,5.065670967102051
car_parts,retail,monthly,uni2ts,foundation,long,5,tuned,2674,0.9128750231270308,1.2280310695150578,179.33022033400295,1.127183125281209e-06,1.0150936186625696,1.015099136349686,19.162495613098145
car_parts,retail,monthly,prophet,traditional,long,5,tuned,2674,0.5668284231078555,0.6707766550644912,180.75149912208465,1.0010816307324639e-05,0.16486132341083873,0.16487553107176772,6.590620040893555
car_parts,retail,monthly,naive,traditional,short,2,tuned,2674,0.5046746447270007,0.5875445789123087,48.587146206633264,3.2267645391494193e-07,5.1630015861836494e-06,7.560383319498057e-06,3.2402610778808603
car_parts,retail,monthly,seasonal_naive,traditional,short,2,tuned,2674,0.581712789827973,0.7223611478550882,58.448705404387674,5.429060314694892e-07,2.544150926679793e-05,2.8951005785876353e-05,3.3231849670410165
car_parts,retail,monthly,timesfm,foundation,short,2,tuned,2672,0.369497510987267,0.44107546527349845,101.58199091467003,1.0766758176380993e-05,0.3823413730203034,0.3823584192348811,4.585779190063477
car_parts,retail,monthly,arima,traditional,short,2,tuned,2674,0.5367073582478389,0.5936884404256435,177.74611901754352,8.999097677158079e-07,0.14127783723615758,0.14128257350950157,5.621986389160156
car_parts,retail,monthly,lstm,traditional,short,2,tuned,2674,0.5217914945740825,0.5659872093093788,179.3280865415247,1.3667608074225324e-06,0.16884398433639647,0.16885047388683078,5.092363357543945
car_parts,retail,monthly,uni2ts,foundation,short,2,tuned,2674,0.7739741022440328,0.8746372942886885,179.50411464363904,1.2855344328669888e-06,1.015210722664353,1.015216799217458,33.76895999908447
car_parts,retail,monthly,prophet,traditional,short,2,tuned,2674,0.5430752781004881,0.5915329269193301,181.3631935565579,9.62340840672769e-06,0.16762389535768402,0.16763810729837805,6.022846221923828
electricity_weekly,energy,weekly,timesfm,foundation,long,8,tuned,321,30481.789552920334,33137.78385021031,9.103093043831436,2.1883260423891924e-05,0.4350050320135099,0.4350324924861159,0.5820035934448242
electricity_weekly,energy,weekly,seasonal_naive,traditional,long,8,tuned,321,26351.78504672897,30367.679003094814,10.67201956853589,7.405087955272829e-07,3.8815435962142235e-05,4.258185532234149e-05,0.40924835205078114
electricity_weekly,energy,weekly,naive,traditional,long,8,tuned,321,72228.9836448598,75198.82190279373,14.139393159590835,6.766334129642475e-07,1.2159347534179688e-05,1.5694775685343044e-05,0.39952850341796864
electricity_weekly,energy,weekly,arima,traditional,long,8,tuned,321,75802.68866398458,79428.96295396295,14.838019258734747,1.537465603552132e-06,0.2595656757414155,0.259573220463928,3.714320182800293
electricity_weekly,energy,weekly,prophet,traditional,long,8,tuned,321,83824.8554109172,87024.95004922163,16.365005551065202,4.4252270850064e-05,0.28607621296915303,0.28617181584842477,6.457890510559082
electricity_weekly,energy,weekly,ttm,foundation,long,8,tuned,321,94327.91293384742,97810.40892595235,18.306330142124136,6.22116516683676e-06,1.7246376324294141,1.724651009865639,2.9048023223876958
electricity_weekly,energy,weekly,uni2ts,foundation,long,8,tuned,321,176694.08440273203,180965.42952276536,23.248148812471324,3.124694586542908e-06,1.2686043090166703,1.2686163732938678,3.6184568405151367
electricity_weekly,energy,weekly,lstm,traditional,long,8,tuned,321,364899.8522802409,365542.82656970323,199.8408382638937,3.4470424473842045e-06,4.818745623496462,4.81875554646287,0.6878318786621094
electricity_weekly,energy,weekly,timesfm,foundation,short,4,tuned,321,17319.724983857057,20205.26506670756,7.202438136731999,2.2246458820093457e-05,0.4265917342771251,0.4266214118196957,1.4218854904174805
electricity_weekly,energy,weekly,naive,traditional,short,4,tuned,321,20644.94158878505,24001.709890869766,8.373331738598177,6.640068838529498e-07,9.143835287599178e-06,1.3150901437919831e-05,0.4020423889160156
electricity_weekly,energy,weekly,arima,traditional,short,4,tuned,321,16891.090077008037,20291.645558451517,9.307275032001733,1.3666360920463395e-06,0.2300416331424891,0.23004848192042646,4.020979881286621
electricity_weekly,energy,weekly,seasonal_naive,traditional,short,4,tuned,321,30168.56464174455,32591.56824445784,10.6790430313408,5.823058131327881e-07,2.9287605642158294e-05,3.31357260730779e-05,0.4118766784667969
electricity_weekly,energy,weekly,uni2ts,foundation,short,4,tuned,321,81158.73746466191,83709.3834704717,16.489447108714614,2.737728606131961e-06,1.2343904637844763,1.2344004246304712,3.720956802368164
electricity_weekly,energy,weekly,prophet,traditional,short,4,tuned,321,86749.70010902845,88760.92556980817,17.693172540304975,1.834411858769592e-05,0.2095124691817619,0.20953688071895607,6.697291374206543
electricity_weekly,energy,weekly,ttm,foundation,short,4,tuned,321,127498.39416240495,129417.81353963198,22.378084237820854,2.405725164205486e-06,1.9064655251963487,1.9064747009693277,2.919558525085449
electricity_weekly,energy,weekly,lstm,traditional,short,4,tuned,321,356233.63992398785,356572.4652087635,199.8248360956651,4.803280221338955e-06,6.019370439267975,6.019384331420946,0.694737434387207
fred_md,finance,monthly,timesfm,foundation,long,24,tuned,107,5015.486956671957,5732.563642994308,13.074179009045283,4.537306099294498e-05,0.5605901669119006,0.5606413578318659,0.22434711456298817
fred_md,finance,monthly,ttm,foundation,long,24,tuned,107,4661.4746545638145,5557.21213731269,14.03456874276786,2.3128830383871203e-06,0.1277275397398761,0.12773456528922103,1.2047080993652344
fred_md,finance,monthly,arima,traditional,long,24,tuned,107,5962.5384643015,6797.634103302814,14.32103174449632,1.644419732494889e-06,0.23222179724791336,0.23222720065963598,11.481707572937012
fred_md,finance,monthly,naive,traditional,long,24,tuned,107,5365.955688551401,6207.925540138058,14.53599068465128,6.060733973422897e-07,8.371388800790377e-06,1.049264569148839e-05,0.1471595764160156
fred_md,finance,monthly,seasonal_naive,traditional,long,24,tuned,107,4839.166405996885,5588.497740491411,16.507915593491973,5.971605532637266e-07,4.512127314772561e-05,4.720019402905045e-05,0.1566352844238281
fred_md,finance,monthly,uni2ts,foundation,long,24,tuned,107,9235.136547797594,10014.89639372779,21.280388699509164,2.7897201965902453e-06,1.0574925302345062,1.0574999412643575,2.203263282775879
fred_md,finance,monthly,prophet,traditional,long,24,tuned,107,11132.632176653093,12084.750418582998,29.863387391003453,5.9640296151704774e-05,0.5102980805334644,0.5103643453009775,24.0974063873291
fred_md,finance,monthly,lstm,traditional,long,24,tuned,107,46084.72986236055,46275.632098661874,113.95058082757421,7.359780997873467e-06,26.116690876327944,26.116711393695013,0.5797805786132812
fred_md,finance,monthly,timesfm,foundation,short,12,tuned,107,2769.7418172102166,3203.20969402028,10.291124352155611,4.887580871581931e-05,0.42530400507918026,0.42535853608746393,1.0605802536010742
fred_md,finance,monthly,ttm,foundation,short,12,tuned,107,2177.06135733028,2508.868253997203,10.376623961279057,2.393098635094188e-06,0.14129174758340707,0.1412987954148622,1.1984176635742188
fred_md,finance,monthly,arima,traditional,short,12,tuned,107,1964.6836504232967,2222.966168427088,10.517671718396516,2.4844552868994595e-06,0.32698759631575824,0.32699527695914293,11.642642974853516
fred_md,finance,monthly,naive,traditional,short,12,tuned,107,2825.672457087227,3128.761592673436,10.702966975668648,1.1742672073506863e-06,1.222842207578855e-05,1.580247255129235e-05,45.713576316833496
fred_md,finance,monthly,seasonal_naive,traditional,short,12,tuned,107,5385.529177570093,5578.140102682451,14.58971088071152,1.002694958838347e-06,4.1112721523391864e-05,4.436590961206739e-05,0.1507644653320312
fred_md,finance,monthly,uni2ts,foundation,short,12,tuned,107,8108.467297319754,8335.061094372792,17.033744249997792,3.3534575845593603e-06,1.089792574677512,1.0898011733438366,2.204543113708496
fred_md,finance,monthly,prophet,traditional,short,12,tuned,107,11322.58744172134,11594.081524855743,26.738138678480198,4.3543699745819474e-05,0.6953018803462804,0.6953512263075213,23.61432933807373
fred_md,finance,monthly,lstm,traditional,short,12,tuned,107,44011.60743724257,44053.9196575731,110.75723331908296,1.2056849827275452e-05,29.544603920428553,29.544628816230276,0.564061164855957
m1_monthly,finance,monthly,timesfm,foundation,long,18,tuned,589,1958.0277372313171,2297.191326297124,13.982878150007435,8.917016772543838e-06,0.2882251294238053,0.28823888807831066,1.0836248397827148
m1_monthly,finance,monthly,seasonal_naive,traditional,long,18,tuned,617,2011.95497208716,2458.1691306396733,17.309377129608347,4.714273363110312e-07,4.799709907420422e-05,5.073099120895847e-05,0.7739467620849609
m1_monthly,finance,monthly,arima,traditional,long,18,tuned,617,2528.08325582392,3001.4781902962304,17.79111093072315,1.020524258358552e-06,0.14612228789244514,0.1461272738161504,3.34078311920166
m1_monthly,finance,monthly,naive,traditional,long,18,tuned,617,2707.7539510174684,3172.4506367581175,19.212449801202105,4.26989513625975e-07,9.603593106014803e-06,1.1884992281080645e-05,0.7539310455322266
m1_monthly,finance,monthly,ttm,foundation,long,18,tuned,171,3410.6406633321712,3782.365713532831,22.758690790782335,1.0150217870522661e-06,0.7150827876308508,0.7150876438408568,51.63498878479004
m1_monthly,finance,monthly,uni2ts,foundation,long,18,tuned,617,2932.9332494080368,3854.9158301176126,27.069730435399144,1.1569290532092029e-06,0.9824424226627937,0.9824481288656424,6.520854949951172
m1_monthly,finance,monthly,prophet,traditional,long,18,tuned,617,26341.285169725743,32970.22528242665,87.44815152715522,1.0866786517818697e-05,0.21787945648453025,0.21789480724056492,6.964443206787109
m1_monthly,finance,monthly,lstm,traditional,long,18,tuned,617,9030.434476083772,9349.726483798186,138.26635649176797,9.896109904037303e-07,1.0523906851510367,1.0523957730885263,1.6167402267456057
m1_monthly,finance,monthly,timesfm,foundation,short,9,tuned,617,1305.9606560690518,1602.496925481034,11.438034879872731,1.568886990292146e-05,0.4425281481379628,0.44255002159353596,1.113905906677246
m1_monthly,finance,monthly,seasonal_naive,traditional,short,9,tuned,617,2015.399083378354,2352.8873355324604,15.603230562634714,3.1763382823579315e-07,2.012492385443815e-05,2.188659371201369e-05,0.7781791687011719
m1_monthly,finance,monthly,arima,traditional,short,9,tuned,617,1938.1752821045657,2253.9735798101106,15.63703803760907,8.875972061528186e-07,0.15074323448601568,0.1507478270383862,3.4514875411987305
m1_monthly,finance,monthly,naive,traditional,short,9,tuned,617,2127.174885647398,2540.6198029354114,17.09381582143664,6.364269040197985e-07,7.383247635159703e-06,9.366720190310965e-06,0.7582435607910156
m1_monthly,finance,monthly,uni2ts,foundation,short,9,tuned,617,2795.735963507262,3246.0455529086926,20.813430611384888,1.8242692251839166e-06,1.1075490927580303,1.1075570239433399,5.593112945556641
m1_monthly,finance,monthly,ttm,foundation,short,9,tuned,495,2136.5090914405805,2339.650973149586,22.642957628349464,2.8292338053384757e-06,0.8732734516413525,0.8732832874914612,95.1822109222412
m1_monthly,finance,monthly,prophet,traditional,short,9,tuned,617,8889.335660228473,10858.824762270895,60.69309481299666,2.0073916962312784e-05,0.20477136723226236,0.2047953910920376,6.909360885620117
m1_monthly,finance,monthly,lstm,traditional,short,9,tuned,617,10417.002072075175,10662.587797638134,163.92115174426135,1.2318937279996454e-06,1.5931265790806404,1.5931321786327146,1.5067081451416016
nn5_daily,retail,daily,timesfm,foundation,long,56,tuned,111,3.4069649346927875,4.992091786167081,19.881093952766147,2.3027798077007673e-05,0.2910944577809927,0.2911215966886228,0.2341537475585937
nn5_daily,retail,daily,prophet,traditional,long,56,tuned,111,3.7270548240894836,5.220627962082419,21.946105415040304,2.0521181123750705e-05,0.21596404238864106,0.21598783054867304,25.48559856414795
nn5_daily,retail,daily,seasonal_naive,traditional,long,56,tuned,111,4.3517605671470045,6.1925119321068145,26.470463020668515,7.324390583210164e-07,5.168957753224357e-05,5.407805915351316e-05,0.1635189056396484
nn5_daily,retail,daily,uni2ts,foundation,long,56,tuned,111,5.54705497522313,7.324324259785436,30.61190684930859,1.6732258839650197e-06,1.0266542670963046,1.026659396317628,2.254571914672852
nn5_daily,retail,daily,arima,traditional,long,56,tuned,111,6.583474574327563,8.16829107424754,35.283977487443,1.5293155704532658e-06,0.23461127710771987,0.23461588438566738,11.924904823303224
nn5_daily,retail,daily,ttm,foundation,long,56,tuned,111,6.629640565906869,8.248470733817019,35.4549661132107,1.6624863083298141e-06,0.05188627930374828,0.05189199705381646,0.6289072036743164
nn5_daily,retail,daily,lstm,traditional,long,56,tuned,111,6.734955417649644,8.417917043632137,35.89749337833104,1.718332101632883e-06,17.025534591159307,17.02554019077404,0.6822366714477539
nn5_daily,retail,daily,naive,traditional,long,56,tuned,111,8.262752471468145,10.72236778086965,48.26867613645613,6.336349624771255e-07,1.296266779169306e-05,1.5329670261692355e-05,0.1539573669433593
nn5_daily,retail,daily,timesfm,foundation,short,28,tuned,111,3.3387345445747423,5.16358264091192,20.055804898227898,2.3620622652071017e-05,0.2901611650312269,0.2901887979593363,0.2394561767578125
nn5_daily,retail,daily,prophet,traditional,short,28,tuned,111,3.7700727257860747,5.447442138110408,22.19571860207304,2.4093163980020058e-05,0.21158842353133464,0.21161569131387242,25.99109268188477
nn5_daily,retail,daily,ttm,foundation,short,28,tuned,111,4.329755828347607,5.8749915708101845,24.9767989694167,2.0254839647997607e-06,0.050410384530419655,0.050416585561391426,0.6051177978515625
nn5_daily,retail,daily,seasonal_naive,traditional,short,28,tuned,111,4.543712226371527,6.321441859130952,28.009568167396434,7.496223793373451e-07,4.91507418520807e-05,5.134805902704271e-05,0.1629486083984375
nn5_daily,retail,daily,uni2ts,foundation,short,28,tuned,111,4.99588820827527,6.700201092774299,28.296155029998317,1.9954131530211853e-06,1.0346705526918978,1.0346764659022425,2.159684181213379
nn5_daily,retail,daily,arima,traditional,short,28,tuned,111,6.9455699327008,8.456435415102654,37.717094291848106,1.4713218620231559e-06,0.22810119766372816,0.2281057383563067,12.322172164916992
nn5_daily,retail,daily,lstm,traditional,short,28,tuned,111,7.025618274990163,8.708796447182264,37.750666839407124,2.1672463631844735e-06,18.252189520243054,18.25219574060526,0.6281337738037109
nn5_daily,retail,daily,naive,traditional,short,28,tuned,111,7.766586910829267,10.241144906735581,44.2264103341198,6.594099440016188e-07,9.723611780115076e-06,1.1860787331520973e-05,53.19035816192627
nn5_weekly,retail,weekly,timesfm,foundation,long,8,tuned,111,13.914180989421544,17.346942003316133,10.684763020807424,1.1306625228744369e-05,0.21249610239321043,0.21251330074963265,0.2397089004516601
nn5_weekly,retail,weekly,prophet,traditional,long,8,tuned,111,15.642295424010154,19.676103034180866,12.037232033258569,1.377887553996868e-05,0.2036588836360622,0.20367888502172518,4.648043632507324
nn5_weekly,retail,weekly,arima,traditional,long,8,tuned,111,15.68414129149076,18.903194230113197,12.22636957587089,1.6904092049813485e-06,0.1782613810118254,0.1782686023024825,3.547469139099121
nn5_weekly,retail,weekly,naive,traditional,long,8,tuned,111,16.70855312976237,20.207278555740146,13.267857610240783,7.66805700353674e-07,1.1356027276666316e-05,1.4700331129469313e-05,0.1463232040405273
nn5_weekly,retail,weekly,uni2ts,foundation,long,8,tuned,111,19.777763469117343,23.794803240490182,15.57860060736908,2.0040048135293496e-06,1.234383265177409,1.2343915947922715,1.8983612060546875
nn5_weekly,retail,weekly,seasonal_naive,traditional,long,8,tuned,111,21.702512852671145,25.74953127657172,16.370446865848177,7.002203314153998e-07,3.935624887277414e-05,4.278432141553124e-05,0.1514606475830078
nn5_weekly,retail,weekly,ttm,foundation,long,8,tuned,111,22.083139122636428,25.312657629143857,17.203019687505,1.718332101632883e-06,0.48938803844623735,0.48939539935137777,0.8931598663330078
nn5_weekly,retail,weekly,lstm,traditional,long,8,tuned,111,123.86978133107358,124.97903852158531,163.27797978341886,1.7355154226492118e-06,3.20945582733498,3.2094629218986443,0.2944526672363281
nn5_weekly,retail,weekly,timesfm,foundation,short,4,tuned,111,14.814267393278987,17.79888800020711,11.365803552771432,1.1076798310150971e-05,0.20441780863581474,0.204435683585502,0.2173938751220703
nn5_weekly,retail,weekly,arima,traditional,short,4,tuned,111,16.37375053050656,19.220921494461507,12.612543119778431,1.6001967696456223e-06,0.165856730830562,0.16586422275852508,2.938422203063965
nn5_weekly,retail,weekly,uni2ts,foundation,short,4,tuned,111,17.00110848452167,19.958555100192886,13.012257204919518,2.2961212708069397e-06,1.2076228910738283,1.2076312593511633,1.9352521896362305
nn5_weekly,retail,weekly,prophet,traditional,short,4,tuned,111,17.54237685773191,21.348144376799606,13.368426547376375,1.69792690792594e-05,0.2041604411494624,0.20418346894753941,4.74653434753418
nn5_weekly,retail,weekly,naive,traditional,short,4,tuned,111,18.75545283250107,21.74256500804201,15.033315665134205,5.627537632847691e-07,9.001912297429265e-06,1.2634036777255772e-05,16.647666931152344
nn5_weekly,retail,weekly,seasonal_naive,traditional,short,4,tuned,111,21.90586922195519,25.40955434331227,16.592029440556058,7.560661247184685e-07,3.978368398305531e-05,4.43480036280166e-05,0.1519451141357422
nn5_weekly,retail,weekly,ttm,foundation,short,4,tuned,111,22.6480447087648,25.7995675050599,17.511650893054327,1.7161841865058417e-06,0.5803757036054457,0.5803830451793499,1.1322021484375
nn5_weekly,retail,weekly,lstm,traditional,short,4,tuned,111,121.96066598168312,123.13263340358297,161.11976908226893,1.7849174705711572e-06,3.4037820025607273,3.4037884871164956,0.2962455749511719
saugeenday,energy,daily,arima,traditional,long,30,tuned,1,20.85652701556973,41.114838835435215,33.949019866694925,2.86102294921875e-06,3.2626953125,3.262704849243164,67.37734985351562
saugeenday,energy,daily,prophet,traditional,long,30,tuned,1,21.21402773731944,42.24322295525472,34.54663290889602,0.000554084777832,7.735879182815552,7.736439943313599,732.599627494812
saugeenday,energy,daily,naive,traditional,long,30,tuned,1,21.496666666666663,39.79399033354994,36.03128734038647,4.0531158447265625e-06,4.410743713378906e-05,5.459785461425781e-05,0.0215072631835937
saugeenday,energy,daily,ttm,foundation,long,30,tuned,1,24.433605554527183,46.52335632952119,43.0000364520861,2.09808349609375e-05,1.214042901992798,1.2140710353851318,0.8706521987915039
saugeenday,energy,daily,lstm,traditional,long,30,tuned,1,28.638903338114417,38.44072421912283,49.1871592066432,4.76837158203125e-06,666.8204069137573,666.8204259872437,11.209940910339355
saugeenday,energy,daily,timesfm,foundation,long,30,tuned,1,27.172197125752763,48.61594198874419,52.767910561449895,0.0004973411560058,0.4773259162902832,0.4778282642364502,0.2127676010131836
saugeenday,energy,daily,uni2ts,foundation,long,30,tuned,1,27.80480309168497,46.875617789458,56.96945343232087,2.1457672119140625e-06,1.158365249633789,1.1583728790283203,0.5640888214111328
saugeenday,energy,daily,seasonal_naive,traditional,long,30,tuned,1,43.66666666666666,51.08802207954424,66.94829754072182,4.76837158203125e-06,0.0008909702301025,0.0009028911590576,0.1848182678222656
saugeenday,energy,daily,uni2ts,foundation,short,15,tuned,1,34.8275937906901,52.19526275058343,52.34357342347812,3.814697265625e-06,1.22108793258667,1.221100091934204,0.5579319000244141
saugeenday,energy,daily,arima,traditional,short,15,tuned,1,36.754516546928535,58.07820660201479,54.67400959198064,4.76837158203125e-06,3.120112180709839,3.120121955871582,67.42068386077881
saugeenday,energy,daily,prophet,traditional,short,15,tuned,1,37.85789850454387,59.17829351834781,57.28377842801133,0.0003960132598876,7.205108880996704,7.205511808395386,732.5983085632324
saugeenday,energy,daily,naive,traditional,short,15,tuned,1,37.8,58.87894926598696,57.28996163586682,6.198883056640625e-06,3.0040740966796875e-05,4.00543212890625e-05,0.0221481323242187
saugeenday,energy,daily,seasonal_naive,traditional,short,15,tuned,1,37.66666666666666,55.32929302518392,58.25574895807802,4.0531158447265625e-06,0.000673770904541,0.0006849765777587,0.1848297119140625
saugeenday,energy,daily,lstm,traditional,short,15,tuned,1,39.71924285888672,60.33955775798008,62.21013628580576,7.152557373046875e-06,691.2321999073029,691.2322189807892,9.868575096130373
saugeenday,energy,daily,ttm,foundation,short,15,tuned,1,39.99600366639128,61.5292294401062,62.57993890718161,4.0531158447265625e-06,1.2673699855804443,1.2673790454864502,0.8900060653686523
saugeenday,energy,daily,timesfm,foundation,short,15,tuned,1,41.75759468078613,64.7249528113124,66.84463171091849,0.0016498565673828,3.7984352111816406,3.800092935562134,0.2128934860229492
solar_weekly,energy,weekly,timesfm,foundation,long,5,tuned,137,1175.2621439467382,1299.5364807124067,24.005903768686903,1.8138955109310348e-05,0.5050703957133049,0.5050957098494481,0.2591075897216797
solar_weekly,energy,weekly,arima,traditional,long,5,tuned,137,1171.6889019590703,1301.786776816571,24.38255052140893,2.4659790261818543e-06,0.17164057362688714,0.1716499015362593,2.073312759399414
solar_weekly,energy,weekly,uni2ts,foundation,long,5,tuned,137,1485.0639201143363,1711.9357421371533,29.563227940946163,2.1666505911054403e-06,1.2494505339295325,1.2494591326609146,2.2859506607055664
solar_weekly,energy,weekly,naive,traditional,long,5,tuned,137,1729.4092700729927,1918.441091119664,32.79855874223615,8.509977020486428e-07,1.1551989256030452e-05,1.6428258297217154e-05,0.1843204498291015
solar_weekly,energy,weekly,seasonal_naive,traditional,long,5,tuned,137,1729.4092700729927,1918.441091119664,32.79855874223615,7.674641852831318e-07,1.586092649585139e-05,2.0300384855618442e-05,0.1892986297607422
solar_weekly,energy,weekly,prophet,traditional,long,5,tuned,137,2268.127131139734,2437.0076631961333,41.520814729743165,1.5972304518205406e-05,0.27599623255486033,0.27601830628666557,2.8111820220947266
solar_weekly,energy,weekly,lstm,traditional,long,5,tuned,137,4540.707505295955,4623.516471132472,199.4949353353972,3.3465615154182824e-06,1.5519949728555054,1.5520058409140929,0.3497371673583984
solar_weekly,energy,weekly,naive,traditional,short,2,tuned,137,821.1653284671532,868.3334909661341,19.817583840170226,8.196726332615762e-07,8.494314486092895e-06,1.297379932264342e-05,0.1785116195678711
solar_weekly,energy,weekly,seasonal_naive,traditional,short,2,tuned,137,821.1653284671532,868.3334909661341,19.817583840170226,7.291779900989393e-07,1.2354259073299213e-05,1.6666676876318717e-05,0.1899642944335937
solar_weekly,energy,weekly,arima,traditional,short,2,tuned,137,1157.0457627639198,1312.6630728824387,26.043871163397657,1.980440459982322e-06,0.20772437979705138,0.20773250691212003,2.384566307067871
solar_weekly,energy,weekly,timesfm,foundation,short,2,tuned,137,1251.9955400675751,1305.3391459871734,28.00832146440092,1.3673392525554574e-05,0.39381989423375924,0.39383964120906634,1.085759162902832
solar_weekly,energy,weekly,uni2ts,foundation,short,2,tuned,137,1349.2975659892506,1439.5092017241207,28.259881025385972,2.070935103144959e-06,1.1484371554242434,1.1484445359585058,2.044309616088867
solar_weekly,energy,weekly,prophet,traditional,short,2,tuned,137,2665.7388512991465,2672.644406335017,52.20695121544893,2.4078536207657905e-05,0.3224682912339259,0.3225005995618166,2.81001091003418
solar_weekly,energy,weekly,lstm,traditional,short,2,tuned,137,3834.3508339760074,3851.998966623761,199.26763121467687,3.531031364942119e-06,2.0270213001835957,2.0270320446821897,0.3467531204223633
